genotype	sex	age_at_inf	day	outcome	0.0	1.0	2.0	3.0	4.0	5.0	6.0	7.0	8.0	9.0	10.0	11.0	12.0	13.0	14.0	age_binary	UID
APOE2	female	25.28571429	13	0	100	98.19277108433735	NA	83.13253012048193	78.71485943775102	73.89558232931726	71.8875502008032	71.48594377510041	71.8875502008032	75.90361445783132	75.90361445783132	NA	NA	82.73092369477912	NA	< 30 weeks	1
APOE2	female	25.28571429	13	0	100	96.72131147540983	NA	86.22950819672131	80.65573770491804	76.0655737704918	73.44262295081967	72.45901639344264	74.09836065573771	75.40983606557377	77.04918032786885	NA	NA	84.91803278688525	NA	< 30 weeks	2
APOE2	female	25.28571429	7	1	100	97.91666666666666	NA	83.75	81.25	75	71.25	69.58333333333333	NA	NA	NA	NA	NA	NA	NA	< 30 weeks	3
APOE2	female	25.28571429	13	0	100	98.43749999999999	NA	86.71874999999999	80.46875	75.390625	72.265625	70.3125	71.87499999999999	75.78124999999999	76.95312499999999	NA	NA	86.328125	NA	< 30 weeks	4
APOE2	female	25.28571429	13	0	100	98.96907216494844	NA	91.40893470790378	87.97250859106529	90.03436426116838	91.06529209621993	89.34707903780068	92.09621993127148	93.12714776632302	91.40893470790378	NA	NA	92.09621993127148	NA	< 30 weeks	5
APOE2	male	21.71428571	6	1	100	96.74267100977198	NA	87.62214983713355	83.06188925081433	79.80456026058633	NA	NA	NA	NA	NA	NA	NA	NA	NA	< 30 weeks	6
APOE2	male	21.71428571	13	0	100	100.77821011673151	NA	98.83268482490271	98.44357976653697	97.27626459143968	98.83268482490271	98.44357976653697	97.66536964980546	99.61089494163426	98.0544747081712	NA	NA	99.61089494163426	NA	< 30 weeks	7
APOE2	male	21.71428571	13	0	100	97.77777777777777	NA	86.34920634920634	81.26984126984127	77.14285714285715	75.55555555555556	75.55555555555556	76.50793650793652	76.50793650793652	76.19047619047619	NA	NA	79.04761904761905	NA	< 30 weeks	8
APOE2	male	21.71428571	8	1	100	97.72727272727273	NA	88.63636363636364	82.14285714285714	78.8961038961039	75.32467532467531	72.40259740259741	NA	NA	NA	NA	NA	NA	NA	< 30 weeks	9
APOE2	male	21.71428571	6	1	100	98.13084112149532	NA	85.04672897196261	80.99688473520249	77.57009345794393	NA	NA	NA	NA	NA	NA	NA	NA	NA	< 30 weeks	10
APOE2	female	22.71428571	13	0	100	97.98387096774194	91.53225806451613	84.27419354838709	81.4516129032258	88.70967741935483	90.7258064516129	90.32258064516128	93.95161290322581	96.77419354838709	94.35483870967741	93.14516129032259	93.54838709677419	92.74193548387096	NA	< 30 weeks	11
APOE2	female	22.71428571	13	0	100	101.19521912350598	94.42231075697211	84.4621513944223	80.87649402390437	86.45418326693226	91.63346613545816	91.63346613545816	96.01593625498009	95.61752988047807	96.81274900398407	95.61752988047807	96.41434262948206	94.8207171314741	NA	< 30 weeks	12
APOE2	female	22.71428571	13	0	100	98.38709677419354	96.37096774193547	87.09677419354838	89.91935483870968	93.14516129032259	95.96774193548387	95.56451612903226	97.58064516129032	98.38709677419354	98.38709677419354	98.79032258064517	100	96.77419354838709	NA	< 30 weeks	13
APOE2	female	22.71428571	7	1	100	97.95918367346938	89.79591836734694	82.04081632653062	80	73.46938775510205	71.0204081632653	69.38775510204081	NA	NA	NA	NA	NA	NA	NA	< 30 weeks	14
APOE2	female	22.71428571	13	0	100	102.62008733624455	101.31004366812229	100.87336244541486	102.62008733624455	102.18340611353712	104.80349344978166	103.4934497816594	104.36681222707425	105.24017467248909	105.24017467248909	105.67685589519651	104.36681222707425	101.7467248908297	NA	< 30 weeks	15
APOE2	female	22.71428571	13	0	100	98.44357976653697	92.60700389105058	82.87937743190662	78.59922178988327	74.31906614785993	75.09727626459144	77.43190661478599	83.65758754863813	88.32684824902724	88.71595330739301	90.6614785992218	90.6614785992218	91.05058365758755	NA	< 30 weeks	16
APOE2	female	22.71428571	13	0	100	98.8095238095238	91.26984126984127	82.14285714285714	80.15873015873017	86.5079365079365	88.09523809523809	90.47619047619048	94.44444444444446	96.42857142857143	97.61904761904762	98.41269841269842	97.22222222222221	95.23809523809524	NA	< 30 weeks	17
APOE2	female	22.71428571	13	0	100	97.81659388646288	90.82969432314411	81.2227074235808	78.16593886462881	71.61572052401746	70.3056768558952	72.48908296943233	74.67248908296943	79.03930131004367	79.91266375545852	80.78602620087337	83.40611353711792	83.84279475982534	NA	< 30 weeks	18
APOE4	female	25.57142857	13	0	100	101.38248847926268	93.5483870967742	83.87096774193549	77.41935483870968	76.49769585253458	79.26267281105991	80.64516129032259	83.41013824884793	87.55760368663594	87.55760368663594	89.40092165898618	90.78341013824884	90.3225806451613	NA	< 30 weeks	19
APOE4	female	25.57142857	13	0	100	95.77464788732394	92.48826291079811	81.2206572769953	76.52582159624414	72.30046948356808	73.2394366197183	76.99530516431923	83.09859154929576	89.2018779342723	88.26291079812206	89.2018779342723	92.48826291079811	94.36619718309859	NA	< 30 weeks	20
APOE4	female	25.57142857	13	0	100	100.95238095238095	94.76190476190476	85.23809523809524	80	88.09523809523809	94.76190476190476	95.71428571428572	101.9047619047619	100	102.85714285714288	104.28571428571428	106.19047619047619	104.28571428571428	NA	< 30 weeks	21
APOE4	female	22	7	1	100	97.79735682819384	93.3920704845815	84.58149779735683	79.29515418502203	74.00881057268724	70.9251101321586	69.16299559471365	NA	NA	NA	NA	NA	NA	NA	< 30 weeks	22
APOE4	female	22	8	1	100	102.8169014084507	93.89671361502347	83.56807511737088	76.99530516431923	72.76995305164318	70.89201877934272	70.4225352112676	69.01408450704226	NA	NA	NA	NA	NA	NA	< 30 weeks	23
APOE4	female	22	7	1	100	101.77777777777777	91.55555555555556	83.11111111111111	78.22222222222223	73.77777777777779	70.22222222222223	68	NA	NA	NA	NA	NA	NA	NA	< 30 weeks	24
APOE4	female	21.14285714	13	0	100	101.36986301369863	92.23744292237444	82.64840182648403	76.25570776255708	75.34246575342466	76.7123287671233	75.79908675799088	78.99543378995435	82.19178082191782	82.64840182648403	85.38812785388129	87.67123287671234	87.21461187214614	NA	< 30 weeks	25
APOE4	female	21.14285714	7	1	100	99.1150442477876	90.7079646017699	82.7433628318584	77.43362831858407	73.45132743362832	74.7787610619469	68.14159292035397	NA	NA	NA	NA	NA	NA	NA	< 30 weeks	26
APOE2	male	33.85714286	5	1	100	98.19121447028422	95.8656330749354	90.18087855297156	87.5968992248062	NA	NA	NA	NA	NA	NA	NA	NA	NA	NA	> 30 weeks	27
APOE2	male	33.85714286	13	0	100	96.95121951219512	95.73170731707317	87.5	82.6219512195122	78.65853658536587	75.60975609756099	72.86585365853658	72.25609756097562	71.34146341463415	71.34146341463415	71.95121951219512	73.47560975609757	75.60975609756099	NA	> 30 weeks	28
APOE2	male	33.85714286	13	0	100	96.96048632218846	94.22492401215806	85.41033434650457	79.63525835866263	78.419452887538	81.15501519756839	79.0273556231003	77.50759878419453	79.33130699088147	79.63525835866263	81.7629179331307	82.37082066869301	83.89057750759879	NA	> 30 weeks	29
APOE2	male	33.85714286	13	0	100	100.2808988764045	96.34831460674155	89.6067415730337	88.20224719101122	86.23595505617978	84.26966292134831	81.17977528089887	83.42696629213484	85.95505617977528	88.76404494382022	91.85393258426967	94.3820224719101	94.94382022471909	NA	> 30 weeks	30
APOE2	male	33.85714286	4	1	100	96.35854341736693	93.55742296918767	88.51540616246498	NA	NA	NA	NA	NA	NA	NA	NA	NA	NA	NA	> 30 weeks	31
APOE4	male	34.14285714	7	1	100	96.46017699115046	94.69026548672566	84.95575221238938	81.12094395280236	78.76106194690266	76.1061946902655	66.3716814159292	NA	NA	NA	NA	NA	NA	NA	> 30 weeks	32
APOE4	male	34.14285714	6	1	100	95.92476489028215	92.16300940438872	83.07210031347962	79.62382445141066	77.74294670846396	NA	NA	NA	NA	NA	NA	NA	NA	NA	> 30 weeks	33
APOE4	male	34.14285714	8	1	100	95	92.8125	84.375	78.75	76.875	71.875	76.25	NA	NA	NA	NA	NA	NA	NA	> 30 weeks	34
APOE4	male	34.14285714	7	1	100	95.42483660130718	89.21568627450979	82.02614379084967	78.10457516339868	76.47058823529412	73.20261437908496	NA	NA	NA	NA	NA	NA	NA	NA	> 30 weeks	35
APOE2	female	16	13	0	100	92.65306122448979	101.63265306122449	90.61224489795919	84.08163265306123	78.77551020408163	74.28571428571429	75.10204081632652	76.3265306122449	78.77551020408163	80.40816326530611	84.48979591836734	84.48979591836734	84.48979591836734	NA	< 30 weeks	36
APOE2	female	16	13	1	100	92.64705882352942	103.43137254901961	93.62745098039217	87.25490196078432	81.86274509803921	76.47058823529413	75.49019607843138	74.50980392156863	74.01960784313727	73.03921568627452	73.52941176470588	71.56862745098039	68.62745098039215	NA	< 30 weeks	37
APOE2	female	16	5	1	100	91.91489361702129	99.14893617021276	91.48936170212765	86.38297872340426	80.42553191489361	NA	NA	NA	NA	NA	NA	NA	NA	NA	< 30 weeks	38
APOE2	female	16	13	0	100	91.62995594713657	107.04845814977975	100	102.20264317180616	106.16740088105728	107.04845814977975	108.81057268722468	109.69162995594712	113.215859030837	108.81057268722468	108.81057268722468	110.13215859030838	111.89427312775331	NA	< 30 weeks	39
APOE2	female	16.85714286	13	0	100	97.64150943396226	96.69811320754718	87.26415094339623	91.50943396226415	95.28301886792453	98.58490566037736	98.11320754716982	98.11320754716982	100.94339622641509	100.47169811320755	100.47169811320755	100	100.47169811320755	NA	< 30 weeks	40
APOE2	female	16.85714286	6	1	100	96.56488549618321	88.54961832061069	82.82442748091603	77.48091603053436	72.90076335877863	68.70229007633588	NA	NA	NA	NA	NA	NA	NA	NA	< 30 weeks	41
APOE2	female	16.85714286	13	0	100	96.47577092511013	94.27312775330397	85.90308370044053	86.34361233480176	89.4273127753304	91.62995594713657	93.3920704845815	94.27312775330397	93.3920704845815	92.0704845814978	95.15418502202644	95.15418502202644	93.3920704845815	NA	< 30 weeks	42
APOE2	female	16.85714286	13	0	100	96.12403100775194	91.86046511627907	82.1705426356589	81.78294573643412	86.43410852713178	88.75968992248062	88.37209302325581	89.53488372093024	92.24806201550388	91.86046511627907	91.86046511627907	90.31007751937985	92.24806201550388	NA	< 30 weeks	43
APOE4	female	15.85714286	13	0	100	97.52475247524752	93.06930693069307	88.11881188118814	90.0990099009901	96.03960396039604	100.4950495049505	100.99009900990099	101.48514851485149	103.96039603960396	103.96039603960396	103.96039603960396	102.47524752475248	102.47524752475248	NA	< 30 weeks	44
APOE4	female	15.85714286	13	0	100	94.78672985781989	92.89099526066352	83.8862559241706	81.99052132701422	87.2037914691943	89.0995260663507	91.94312796208528	95.260663507109	97.6303317535545	98.5781990521327	102.84360189573458	101.42180094786728	98.5781990521327	NA	< 30 weeks	45
APOE4	female	15.85714286	13	0	100	99.52830188679246	94.81132075471699	85.84905660377359	87.73584905660378	94.33962264150944	96.69811320754718	96.69811320754718	97.64150943396226	100.94339622641509	101.88679245283019	100.47169811320755	100.94339622641509	102.35849056603774	NA	< 30 weeks	46
APOE4	female	15.85714286	13	0	100	97.28260869565217	92.3913043478261	83.69565217391305	83.1521739130435	80.97826086956522	83.1521739130435	83.69565217391305	85.86956521739133	91.84782608695652	91.84782608695652	97.82608695652175	94.56521739130434	94.56521739130434	NA	< 30 weeks	47
APOE4	female	15.85714286	13	0	100	100	93.26424870466322	83.419689119171	78.75647668393782	75.12953367875647	76.6839378238342	79.79274611398964	81.34715025906735	84.4559585492228	88.60103626943005	90.67357512953367	91.19170984455958	92.7461139896373	NA	< 30 weeks	48
APOE4	female	15.85714286	13	0	100	95.63106796116504	87.86407766990291	79.61165048543688	75.72815533980581	78.15533980582524	78.64077669902912	80.09708737864078	84.9514563106796	85.92233009708737	88.83495145631068	93.6893203883495	88.83495145631068	91.74757281553396	NA	< 30 weeks	49
APOE4	female	15.85714286	13	0	100	101.61290322580643	91.39784946236558	83.87096774193547	80.64516129032258	81.18279569892472	81.18279569892472	80.10752688172043	82.25806451612902	84.40860215053763	87.09677419354837	91.39784946236558	91.93548387096774	95.16129032258064	NA	< 30 weeks	50
APOE4	female	15.85714286	13	0	100	99	91.5	84.5	78.49999999999999	76	77.5	79	83.5	84.5	85.50000000000001	89.49999999999999	86.5	86.99999999999999	NA	< 30 weeks	51
APOE2	male	23.28571429	13	0	100	93.687707641196	94.01993355481727	85.71428571428571	80.73089700996677	81.72757475083057	84.71760797342192	86.37873754152824	89.70099667774086	91.36212624584718	91.02990033222589	91.36212624584718	89.36877076411959	91.02990033222589	NA	< 30 weeks	52
APOE2	male	23.28571429	6	1	100	96.90402476780187	94.73684210526318	88.85448916408669	83.90092879256967	79.56656346749227	NA	NA	NA	NA	NA	NA	NA	NA	NA	< 30 weeks	53
APOE2	male	23.28571429	13	0	100	96.24573378839591	95.22184300341297	88.05460750853243	83.61774744027304	78.15699658703072	82.25255972696246	84.30034129692832	87.37201365187714	90.44368600682594	90.10238907849829	92.4914675767918	91.12627986348122	92.4914675767918	NA	< 30 weeks	54
APOE2	male	23.28571429	13	0	100	95.87020648967552	97.05014749262537	87.61061946902655	86.13569321533923	87.31563421828909	83.1858407079646	83.48082595870207	84.95575221238938	90.26548672566372	92.92035398230088	93.5103244837758	94.3952802359882	93.80530973451327	NA	< 30 weeks	55
APOE2	male	23.28571429	8	1	100	97.35099337748345	94.03973509933775	86.09271523178809	80.79470198675497	75.82781456953643	73.17880794701988	70.86092715231787	68.87417218543047	NA	NA	NA	NA	NA	NA	< 30 weeks	56
APOE3	male	22.71428571	13	0	100	97.8658536585366	96.34146341463415	89.32926829268294	85.97560975609757	85.97560975609757	85.0609756097561	85.0609756097561	87.8048780487805	90.54878048780488	89.63414634146342	91.15853658536585	91.76829268292684	92.6829268292683	NA	< 30 weeks	57
APOE3	male	22.71428571	13	0	100	97.0873786407767	92.55663430420714	88.02588996763754	82.84789644012946	78.64077669902913	76.05177993527509	75.72815533980582	74.4336569579288	77.02265372168286	78.31715210355988	80.90614886731392	81.55339805825243	86.40776699029126	NA	< 30 weeks	58
APOE3	male	22.71428571	13	0	100	97.77777777777777	98.73015873015873	98.73015873015873	100.63492063492063	100.63492063492063	99.04761904761904	100.31746031746032	99.68253968253967	99.68253968253967	98.4126984126984	101.90476190476193	99.68253968253967	100.31746031746032	NA	< 30 weeks	59
APOE3	male	22.71428571	13	0	100	97.04918032786885	93.11475409836065	86.22950819672131	80.65573770491804	76.72131147540983	74.42622950819671	72.1311475409836	72.45901639344264	75.40983606557377	75.08196721311475	77.37704918032787	78.68852459016394	80	NA	< 30 weeks	60
APOE3	male	22.71428571	13	0	100	97.50692520775624	93.35180055401663	86.98060941828254	80.33240997229917	80.88642659279778	81.7174515235457	84.48753462603878	86.42659279778393	87.25761772853186	87.25761772853186	88.08864265927978	87.53462603878116	88.64265927977839	NA	< 30 weeks	61
APOE4	male	21.42857143	6	1	100	96.36363636363636	89.39393939393939	84.84848484848484	80	78.18181818181819	NA	NA	NA	NA	NA	NA	NA	NA	NA	< 30 weeks	62
APOE4	male	21.42857143	6	1	100	97.8395061728395	92.90123456790124	88.27160493827161	86.41975308641976	83.0246913580247	NA	NA	NA	NA	NA	NA	NA	NA	NA	< 30 weeks	63
APOE4	male	21.71428571	8	1	100	93.87755102040816	88.43537414965988	82.6530612244898	78.91156462585033	75.17006802721089	73.12925170068027	71.08843537414967	NA	NA	NA	NA	NA	NA	NA	< 30 weeks	64
APOE4	male	26.14285714	9	1	100	94.6843853820598	91.36212624584718	83.38870431893687	78.73754152823919	79.06976744186046	75.08305647840533	73.08970099667775	72.42524916943522	NA	NA	NA	NA	NA	NA	< 30 weeks	65
APOE4	male	26.14285714	8	1	100	97.28915662650601	93.37349397590361	84.63855421686746	80.12048192771084	75.6024096385542	71.68674698795179	70.18072289156626	NA	NA	NA	NA	NA	NA	NA	< 30 weeks	66
APOE2	male	18.42857143	4	0	100	95.54140127388536	94.5859872611465	85.98726114649682	79.61783439490446	NA	NA	NA	NA	NA	NA	NA	NA	NA	NA	< 30 weeks	67
APOE2	male	18.57142857	4	0	100	99.71181556195965	99.4236311239193	89.91354466858789	86.16714697406339	NA	NA	NA	NA	NA	NA	NA	NA	NA	NA	< 30 weeks	68
APOE2	male	18.57142857	2	0	100	96.69669669669672	95.1951951951952	NA	NA	NA	NA	NA	NA	NA	NA	NA	NA	NA	NA	< 30 weeks	69
APOE2	male	16.14285714	4	0	100	96.83794466403161	96.04743083003953	89.32806324110672	89.32806324110672	NA	NA	NA	NA	NA	NA	NA	NA	NA	NA	< 30 weeks	70
APOE2	male	16.14285714	4	0	100	97.9381443298969	97.59450171821304	92.78350515463917	93.81443298969072	NA	NA	NA	NA	NA	NA	NA	NA	NA	NA	< 30 weeks	71
APOE2	male	16.14285714	2	0	100	93.33333333333333	94.81481481481482	NA	NA	NA	NA	NA	NA	NA	NA	NA	NA	NA	NA	< 30 weeks	72
APOE2	male	16.14285714	2	0	100	94.4055944055944	93.7062937062937	NA	NA	NA	NA	NA	NA	NA	NA	NA	NA	NA	NA	< 30 weeks	73
APOE2	male	18.28571429	4	0	100	97.48427672955975	96.22641509433963	89.30817610062893	82.70440251572327	NA	NA	NA	NA	NA	NA	NA	NA	NA	NA	< 30 weeks	74
APOE2	male	18.28571429	4	0	100	98.27586206896551	93.10344827586206	85.86206896551724	81.03448275862068	NA	NA	NA	NA	NA	NA	NA	NA	NA	NA	< 30 weeks	75
APOE2	male	18.28571429	2	0	100	96.57142857142857	96.57142857142857	NA	NA	NA	NA	NA	NA	NA	NA	NA	NA	NA	NA	< 30 weeks	76
APOE2	male	18.28571429	2	0	100	97.8395061728395	94.13580246913581	NA	NA	NA	NA	NA	NA	NA	NA	NA	NA	NA	NA	< 30 weeks	77
APOE2	male	16.14285714	4	0	100	96.55172413793103	93.10344827586206	87.58620689655172	80.3448275862069	NA	NA	NA	NA	NA	NA	NA	NA	NA	NA	< 30 weeks	78
APOE2	male	16.14285714	2	0	100	98.27586206896551	96.89655172413794	NA	NA	NA	NA	NA	NA	NA	NA	NA	NA	NA	NA	< 30 weeks	79
APOE3	male	22	4	0	100	98.36065573770492	95.73770491803279	88.52459016393442	88.1967213114754	NA	NA	NA	NA	NA	NA	NA	NA	NA	NA	< 30 weeks	80
APOE3	male	22	4	0	100	96.996996996997	96.996996996997	90.0900900900901	84.98498498498499	NA	NA	NA	NA	NA	NA	NA	NA	NA	NA	< 30 weeks	81
APOE3	male	22	2	0	100	99.06542056074767	98.75389408099687	NA	NA	NA	NA	NA	NA	NA	NA	NA	NA	NA	NA	< 30 weeks	82
APOE3	male	22	2	0	100	98.39142091152816	93.2975871313673	NA	NA	NA	NA	NA	NA	NA	NA	NA	NA	NA	NA	< 30 weeks	83
APOE3	male	15.42857143	4	0	100	96.41791044776119	95.52238805970148	88.35820895522389	86.86567164179105	NA	NA	NA	NA	NA	NA	NA	NA	NA	NA	< 30 weeks	84
APOE3	male	15.42857143	4	0	100	94.49541284403668	95.10703363914372	89.90825688073393	86.23853211009174	NA	NA	NA	NA	NA	NA	NA	NA	NA	NA	< 30 weeks	85
APOE3	male	15.42857143	4	0	100	94.97206703910615	95.53072625698326	88.54748603351956	89.10614525139665	NA	NA	NA	NA	NA	NA	NA	NA	NA	NA	< 30 weeks	86
APOE3	male	15.42857143	2	0	100	93.87755102040818	95.6268221574344	NA	NA	NA	NA	NA	NA	NA	NA	NA	NA	NA	NA	< 30 weeks	87
APOE3	male	15.42857143	2	0	100	96.58385093167702	95.96273291925465	NA	NA	NA	NA	NA	NA	NA	NA	NA	NA	NA	NA	< 30 weeks	88
APOE4	male	17	2	0	100	95.43859649122807	94.73684210526315	NA	NA	NA	NA	NA	NA	NA	NA	NA	NA	NA	NA	< 30 weeks	89
APOE4	male	17	2	0	100	94.23728813559322	93.22033898305084	NA	NA	NA	NA	NA	NA	NA	NA	NA	NA	NA	NA	< 30 weeks	90
APOE4	male	16.42857143	4	0	100	95.09803921568627	93.4640522875817	83.66013071895425	78.10457516339868	NA	NA	NA	NA	NA	NA	NA	NA	NA	NA	< 30 weeks	91
APOE4	male	16.85714286	2	0	100	96.42857142857143	99.28571428571429	NA	NA	NA	NA	NA	NA	NA	NA	NA	NA	NA	NA	< 30 weeks	92
APOE4	male	16.85714286	4	0	100	96.84210526315789	97.19298245614036	95.78947368421052	98.24561403508771	NA	NA	NA	NA	NA	NA	NA	NA	NA	NA	< 30 weeks	93
APOE4	male	16.85714286	4	0	100	98.09160305343512	94.27480916030534	84.35114503816796	83.20610687022901	NA	NA	NA	NA	NA	NA	NA	NA	NA	NA	< 30 weeks	94
APOE4	male	18.71428571	2	0	100	96.55172413793103	92.75862068965517	NA	NA	NA	NA	NA	NA	NA	NA	NA	NA	NA	NA	< 30 weeks	95
APOE4	male	18.71428571	4	0	100	96.3455149501661	92.0265780730897	84.38538205980065	78.40531561461795	NA	NA	NA	NA	NA	NA	NA	NA	NA	NA	< 30 weeks	96
APOE4	male	17.14285714	2	0	100	96.51567944250871	93.72822299651567	NA	NA	NA	NA	NA	NA	NA	NA	NA	NA	NA	NA	< 30 weeks	97
APOE4	male	17.14285714	4	0	100	96.12676056338029	94.36619718309859	86.26760563380283	85.91549295774648	NA	NA	NA	NA	NA	NA	NA	NA	NA	NA	< 30 weeks	98
APOE4	male	17.14285714	4	0	100	95.6	92.4	86	80	NA	NA	NA	NA	NA	NA	NA	NA	NA	NA	< 30 weeks	99
APOE2	male	32.85714286	6	1	100	97.19626168224298	90.34267912772586	86.6043613707165	82.2429906542056	78.50467289719626	NA	NA	NA	NA	NA	NA	NA	NA	NA	> 30 weeks	100
APOE2	male	37	5	1	100	97.69736842105263	92.4342105263158	84.86842105263158	82.23684210526316	NA	NA	NA	NA	NA	NA	NA	NA	NA	NA	> 30 weeks	101
APOE2	male	32.85714286	6	1	100	96.9387755102041	92.85714285714286	89.79591836734694	85.37414965986395	82.6530612244898	NA	NA	NA	NA	NA	NA	NA	NA	NA	> 30 weeks	102
APOE2	male	32.85714286	4	1	100	98.77300613496934	92.0245398773006	86.80981595092024	NA	NA	NA	NA	NA	NA	NA	NA	NA	NA	NA	> 30 weeks	103
APOE2	male	37	5	1	100	95.68733153638813	89.75741239892182	84.63611859838274	80.3234501347709	NA	NA	NA	NA	NA	NA	NA	NA	NA	NA	> 30 weeks	104
APOE3	male	35.57142857	7	1	100	97.61904761904762	91.00529100529101	83.86243386243387	79.62962962962963	75.92592592592592	71.95767195767196	69.57671957671958	NA	NA	NA	NA	NA	NA	NA	> 30 weeks	105
APOE3	male	37	6	1	100	96.90949227373069	93.37748344370861	86.53421633554085	82.78145695364239	79.47019867549669	NA	NA	NA	NA	NA	NA	NA	NA	NA	> 30 weeks	106
APOE3	male	25.14285714	7	1	100	97.14285714285714	93.65079365079364	86.03174603174604	80.63492063492063	75.87301587301587	71.74603174603175	67.93650793650792	NA	NA	NA	NA	NA	NA	NA	< 30 weeks	107
APOE3	male	26.85714286	13	0	100	95.47325102880659	95.47325102880659	93.82716049382715	97.11934156378601	99.1769547325103	100	100.41152263374484	100.8230452674897	100.41152263374484	101.23456790123457	102.05761316872429	102.46913580246913	100.41152263374484	NA	< 30 weeks	108
APOE3	male	26.85714286	8	1	100	99.03846153846153	91.34615384615384	84.93589743589743	80.44871794871796	75.96153846153845	71.47435897435898	70.1923076923077	67.94871794871796	NA	NA	NA	NA	NA	NA	< 30 weeks	109
APOE3	male	26.85714286	7	1	100	98.05825242718448	90.614886731391593	84.14239482200647	78.64077669902913	73.7864077669903	71.19741100323624	68.28478964401296	NA	NA	NA	NA	NA	NA	NA	< 30 weeks	110
APOE4	male	37.71428571	5	1	100	96.59442724458205	91.33126934984521	87.92569659442725	80.80495356037153	NA	NA	NA	NA	NA	NA	NA	NA	NA	NA	> 30 weeks	111
APOE4	male	37.71428571	4	1	100	94.87179487179488	88.78205128205127	82.37179487179486	NA	NA	NA	NA	NA	NA	NA	NA	NA	NA	NA	> 30 weeks	112
APOE4	male	37.71428571	8	1	100	98.43260188087774	95.92476489028215	84.01253918495298	77.74294670846396	73.04075235109718	71.78683385579937	71.15987460815047	67.71159874608152	NA	NA	NA	NA	NA	NA	> 30 weeks	113
APOE4	male	35	8	1	100	98.68852459016394	93.11475409836065	86.22950819672131	80.65573770491804	77.70491803278688	73.44262295081967	71.14754098360655	67.8688524590164	NA	NA	NA	NA	NA	NA	> 30 weeks	114
APOE4	male	35	7	1	100	95.67901234567901	93.82716049382715	84.5679012345679	80.8641975308642	74.38271604938272	70.37037037037037	68.51851851851852	NA	NA	NA	NA	NA	NA	NA	> 30 weeks	115
APOE2	female	21.71428571	14	0	100	97.23502304147466	95.39170506912443	84.33179723502305	79.26267281105991	72.8110599078341	72.8110599078341	72.8110599078341	75.57603686635944	77.41935483870968	78.80184331797237	80.64516129032259	82.02764976958527	82.94930875576037	83.41013824884793	< 30 weeks	116
APOE2	female	20.57142857	14	0	100	99.08256880733946	91.77489177489177	81.81818181818181	77.48917748917748	80.08658008658008	87.01298701298701	88.3116883116883	89.17748917748918	92.64069264069262	93.93939393939394	95.23809523809523	96.53679653679653	96.53679653679653	95.67099567099568	< 30 weeks	117
APOE2	female	20.57142857	14	0	100	99.09909909909909	95.85253456221199	89.86175115207374	82.94930875576037	82.02764976958527	85.25345622119816	85.25345622119816	85.71428571428572	90.3225806451613	92.62672811059909	93.5483870967742	93.08755760368663	95.39170506912443	98.61751152073732	< 30 weeks	118
APOE2	female	20.57142857	14	0	100	100.4524886877828	93.66515837104072	85.5203619909502	86.42533936651584	92.30769230769229	97.28506787330316	97.28506787330316	98.19004524886877	100	100	100	101.80995475113122	98.19004524886877	98.64253393665157	< 30 weeks	119
APOE2	female	20.57142857	14	0	100	97.88135593220339	94.06779661016948	83.47457627118644	78.38983050847457	83.05084745762711	88.5593220338983	90.6779661016949	92.37288135593221	94.4915254237288	93.64406779661017	95.76271186440678	96.18644067796609	93.64406779661017	96.61016949152543	< 30 weeks	120
APOE4	female	21.57142857	14	0	100	96.50000000000001	94	84.5	79	74	70.5	72	70.5	75	80.5	81.5	84.5	86	86.5	< 30 weeks	121
APOE4	female	21.57142857	14	0	100	99.06976744186046	99.53488372093022	100.46511627906978	103.25581395348837	102.32558139534885	102.32558139534885	104.18604651162791	104.18604651162791	104.18604651162791	106.51162790697674	100.93023255813954	100.46511627906978	101.39534883720931	103.25581395348837	< 30 weeks	122
APOE4	female	21.57142857	7	1	100	100.46511627906978	93.48837209302326	85.11627906976744	80.93023255813952	77.67441860465117	74.4186046511628	NA	NA	NA	NA	NA	NA	NA	NA	< 30 weeks	123
APOE4	female	21.57142857	14	0	100	101	94	85	79	74	73.5	74.5	75	79	80.5	82.5	84.5	85	86.99999999999999	< 30 weeks	124
APOE4	female	20.85714286	7	1	100	101.89573459715639	94.31279620853078	85.30805687203791	80.0947867298578	76.77725118483411	73.45971563981041	69.19431279620852	NA	NA	NA	NA	NA	NA	NA	< 30 weeks	125
APOE4	female	20.85714286	14	0	100	100	96.50000000000001	87.5	80.5	84.00000000000001	94	96	96	98.5	99.49999999999999	101.50000000000001	100	100.50000000000001	100.50000000000001	< 30 weeks	126
APOE4	female	20.85714286	14	0	100	99.55156950672645	96.8609865470852	85.20179372197309	78.0269058295964	76.23318385650224	77.57847533632287	78.0269058295964	80.71748878923766	82.51121076233183	86.54708520179372	87.4439461883408	87.89237668161435	86.54708520179372	90.5829596412556	< 30 weeks	127
APOE2	female	43	14	0	100	96.52777777777779	91.66666666666666	87.15277777777779	81.94444444444444	79.16666666666666	82.9861111111111	80.20833333333334	77.43055555555556	77.77777777777777	76.38888888888889	79.51388888888889	NA	80.90277777777779	80.90277777777779	> 30 weeks	128
APOE2	female	44	14	0	100	96.90721649484534	91.75257731958763	86.59793814432989	82.81786941580756	79.03780068728523	96.21993127147765	92.43986254295532	93.12714776632302	95.1890034364261	94.15807560137456	93.12714776632302	NA	99.65635738831614	102.74914089347078	> 30 weeks	129
APOE2	female	44	14	0	100	100	90.39301310043668	86.02620087336244	86.46288209606988	79.03930131004367	85.15283842794761	84.71615720524017	85.15283842794761	88.20960698689957	86.46288209606988	86.8995633187773	NA	90.82969432314411	94.75982532751091	> 30 weeks	130
APOE2	female	44	14	0	100	95.66929133858268	90.94488188976379	86.61417322834646	81.49606299212599	77.95275590551182	75.59055118110236	78.34645669291338	78.34645669291338	79.92125984251969	78.74015748031496	74.01574803149606	NA	72.83464566929135	74.40944881889764	> 30 weeks	131
APOE2	female	43	8	1	100	94.77911646586347	90.36144578313254	85.14056224899599	79.51807228915663	76.30522088353415	74.6987951807229	76.30522088353415	NA	NA	NA	NA	NA	NA	NA	> 30 weeks	132
APOE2	female	43	9	1	100	100.32362459546927	96.4401294498382	88.02588996763754	84.14239482200647	79.93527508090615	76.37540453074433	73.13915857605178	70.22653721682848	NA	NA	NA	NA	NA	NA	> 30 weeks	133
APOE2	female	43	14	0	100	100.99337748344371	100.33112582781459	100.99337748344371	98.0132450331126	99.66887417218544	100.99337748344371	103.31125827814569	100.66225165562915	99.66887417218544	100	103.31125827814569	NA	107.61589403973511	103.97350993377484	> 30 weeks	134
APOE2	female	44	8	1	100	97.86476868327402	94.66192170818505	90.74733096085409	85.05338078291814	79.35943060498221	73.66548042704626	72.24199288256227	68.68327402135232	NA	NA	NA	NA	NA	NA	> 30 weeks	135
APOE2	female	44	14	0	100	99.70588235294117	93.23529411764706	85.58823529411765	86.47058823529412	88.52941176470588	85.58823529411765	81.47058823529412	81.76470588235294	82.94117647058823	85	84.70588235294117	NA	86.76470588235294	87.3529411764706	> 30 weeks	136
APOE3	female	43	14	0	100	97.43589743589743	93.26923076923077	86.85897435897436	78.84615384615385	75.96153846153845	75.32051282051282	75.96153846153845	77.24358974358975	80.76923076923077	78.84615384615385	78.84615384615385	NA	81.08974358974359	81.73076923076923	> 30 weeks	137
APOE3	female	41.42857143	14	0	100	98.48484848484848	92.04545454545455	82.1969696969697	80.68181818181819	80.68181818181819	78.03030303030305	77.27272727272727	76.51515151515152	79.92424242424244	79.92424242424244	81.81818181818183	NA	85.22727272727273	86.74242424242425	> 30 weeks	138
APOE3	female	32.85714286	14	0	100	98.58156028368795	91.48936170212767	80.85106382978724	76.24113475177306	72.69503546099291	70.56737588652481	71.27659574468086	72.69503546099291	75.177304964539	74.11347517730496	74.11347517730496	NA	77.30496453900709	79.07801418439718	> 30 weeks	139
APOE3	female	31.14285714	14	0	100	98.0392156862745	95.7516339869281	95.7516339869281	92.48366013071895	94.11764705882352	94.44444444444443	96.73202614379085	94.44444444444443	94.11764705882352	92.81045751633987	93.7908496732026	NA	99.67320261437908	99.67320261437908	> 30 weeks	140
APOE3	female	28.14285714	14	0	100	99.26199261992619	92.25092250922509	82.28782287822878	78.96678966789666	80.44280442804428	81.91881918819188	81.18081180811808	84.13284132841328	86.34686346863467	88.92988929889299	91.88191881918819	NA	91.88191881918819	93.35793357933579	< 30 weeks	141
APOE3	female	32.85714286	14	0	100	97.84172661870502	93.5251798561151	85.61151079136691	80.2158273381295	76.61870503597122	74.46043165467626	73.38129496402877	75.53956834532374	77.33812949640287	79.49640287769785	80.5755395683453	NA	87.0503597122302	88.84892086330935	> 30 weeks	142
APOE3	female	32.85714286	7	1	100	100	93.48659003831416	85.44061302681992	80.0766283524904	75.47892720306513	71.26436781609196	67.43295019157088	NA	NA	NA	NA	NA	NA	NA	> 30 weeks	143
APOE3	female	29	14	0	100	98.42271293375394	95.26813880126183	86.75078864353313	81.70347003154575	85.17350157728707	80.4416403785489	79.49526813880125	82.01892744479495	85.48895899053628	85.48895899053628	91.7981072555205	NA	93.05993690851734	91.16719242902208	< 30 weeks	144
APOE3	female	29	14	0	100	101.04895104895104	95.10489510489509	86.7132867132867	82.16783216783216	83.91608391608392	87.76223776223776	89.5104895104895	90.9090909090909	95.45454545454545	97.90209790209789	101.04895104895104	NA	102.09790209790208	104.19580419580419	< 30 weeks	145
APOE4	female	43	9	1	100	98.52941176470588	95.95588235294117	90.44117647058825	84.55882352941177	79.77941176470587	77.20588235294117	74.26470588235294	71.69117647058823	69.8529411764706	NA	NA	NA	NA	NA	> 30 weeks	146
APOE4	female	43.14285714	14	0	100	100.37174721189592	95.91078066914498	89.96282527881041	82.5278810408922	80.29739776951675	76.57992565055764	74.34944237918216	72.11895910780669	73.23420074349443	74.72118959107807	76.2081784386617	NA	78.81040892193309	79.18215613382901	> 30 weeks	147
APOE4	female	43	14	0	100	99.33554817275747	97.00996677740864	86.37873754152824	81.06312292358803	83.05647840531562	84.71760797342192	82.05980066445181	82.05980066445181	87.04318936877075	89.70099667774086	92.69102990033221	NA	89.03654485049833	89.70099667774086	> 30 weeks	148
APOE4	female	44.85714286	8	1	100	99.01315789473685	96.71052631578947	88.15789473684211	81.57894736842107	78.28947368421053	75.32894736842105	73.68421052631578	NA	NA	NA	NA	NA	NA	NA	> 30 weeks	149
APOE4	female	43	14	0	100	101.63398692810458	98.36601307189542	88.56209150326796	84.64052287581698	88.23529411764706	92.15686274509804	93.7908496732026	93.13725490196077	93.13725490196077	97.05882352941175	100.32679738562092	NA	97.38562091503267	95.7516339869281	> 30 weeks	150
APOE4	female	44.85714286	14	0	100	101.13636363636364	95.45454545454545	84.84848484848484	78.7878787878788	79.16666666666666	73.48484848484848	75.75757575757575	77.65151515151516	81.06060606060606	81.81818181818183	85.98484848484848	NA	86.74242424242425	88.25757575757576	> 30 weeks	151
APOE4	female	44.85714286	5	1	100	96.84210526315789	90.52631578947368	84.21052631578947	76.14035087719297	69.12280701754385	NA	NA	NA	NA	NA	NA	NA	NA	NA	> 30 weeks	152
APOE4	female	44.85714286	7	1	100	100.75471698113208	95.09433962264151	87.9245283018868	78.86792452830188	74.71698113207547	72.45283018867924	69.43396226415094	NA	NA	NA	NA	NA	NA	NA	> 30 weeks	153
APOE4	female	44.85714286	9	1	100	102.64900662251655	98.0132450331126	88.74172185430464	83.7748344370861	80.4635761589404	78.47682119205298	75.49668874172187	72.8476821192053	NA	NA	NA	NA	NA	NA	> 30 weeks	154
APOE4	female	43	9	1	100	106.08365019011406	98.47908745247148	87.45247148288972	81.36882129277566	77.56653992395437	74.90494296577947	73.76425855513308	72.6235741444867	69.20152091254752	NA	NA	NA	NA	NA	> 30 weeks	155
APOE2	male	22.85714286	5	1	100	96.75675675675674	92.16216216216216	88.37837837837839	86.21621621621621	NA	NA	NA	NA	NA	NA	NA	NA	NA	NA	< 30 weeks	156
APOE2	male	23.14285714	11	1	100	97.86096256684492	94.38502673796792	89.57219251336899	85.56149732620321	83.42245989304813	80.74866310160428	77.0053475935829	75.1336898395722	73.2620320855615	71.3903743315508	69.78609625668449	NA	NA	NA	< 30 weeks	157
APOE2	male	23.14285714	6	1	100	94.91017964071857	91.61676646706589	91.31736526946108	86.22754491017965	81.437125748502993	NA	NA	NA	NA	NA	NA	NA	NA	NA	< 30 weeks	158
APOE2	male	23.14285714	11	1	100	97.435897435897445	95.15669515669515	90.88319088319088	85.47008547008546	81.76638176638176	77.77777777777779	74.92877492877493	72.93447293447294	71.50997150997152	70.94017094017093	69.8005698005698	NA	NA	NA	< 30 weeks	159
APOE2	male	23.14285714	14	0	100	96.60493827160495	94.13580246913581	87.03703703703704	82.09876543209877	77.46913580246914	75	72.53086419753086	71.60493827160494	71.91358024691358	72.83950617283952	72.53086419753086	75	75.92592592592592	75.61728395061729	< 30 weeks	160
APOE2	male	23.14285714	8	1	100	94.750656167979	91.86351706036746	88.9763779527559	82.67716535433071	77.95275590551181	76.64041994750656	72.70341207349081	69.5538057742782	NA	NA	NA	NA	NA	NA	< 30 weeks	161
APOE2	male	21.28571429	5	1	100	97.83653846153847	94.71153846153845	91.34615384615384	89.42307692307693	NA	NA	NA	NA	NA	NA	NA	NA	NA	NA	< 30 weeks	162
APOE2	male	20	7	1	100	109.40766550522648	101.39372822299653	95.81881533101046	88.15331010452962	83.62369337979094	79.44250871080139	NA	NA	NA	NA	NA	NA	NA	NA	< 30 weeks	163
APOE2	male	20	14	0	100	97.61092150170649	95.22184300341297	88.39590443686006	83.27645051194538	80.20477815699658	82.5938566552901	83.95904436860069	82.5938566552901	87.37201365187714	89.76109215017065	92.15017064846415	89.07849829351537	90.10238907849829	92.15017064846415	< 30 weeks	164
APOE2	male	20	7	1	100	97.00000000000001	92.66666666666666	87.33333333333333	85.66666666666667	77.99999999999999	75	NA	NA	NA	NA	NA	NA	NA	NA	< 30 weeks	165
APOE2	male	20	14	0	100	98.07692307692308	94.23076923076923	87.17948717948718	79.16666666666666	77.56410256410257	77.88461538461539	77.24358974358975	81.08974358974359	87.5	88.78205128205127	92.94871794871796	91.98717948717949	93.26923076923077	93.26923076923077	< 30 weeks	166
APOE2	male	18.28571429	6	1	100	96.07250755287009	94.86404833836856	90.33232628398791	87.31117824773413	82.17522658610271	NA	NA	NA	NA	NA	NA	NA	NA	NA	< 30 weeks	167
APOE2	male	18.28571429	8	1	100	94.23631123919309	94.23631123919309	89.62536023054754	84.43804034582132	78.96253602305474	75.79250720461094	72.3342939481268	NA	NA	NA	NA	NA	NA	NA	< 30 weeks	168
APOE3	male	21.71428571	14	0	100	100	93.88489208633094	87.0503597122302	82.73381294964028	82.01438848920863	82.37410071942445	87.41007194244604	89.568345323741	91.36690647482013	93.88489208633094	94.60431654676259	93.88489208633094	93.88489208633094	92.80575539568345	< 30 weeks	169
APOE3	male	20.14285714	14	0	100	98.77300613496934	93.55828220858895	86.50306748466257	83.12883435582822	80.67484662576688	81.28834355828221	79.75460122699386	77.60736196319019	80.06134969325154	83.12883435582822	85.58282208588956	86.1963190184049	88.95705521472392	91.41104294478527	< 30 weeks	170
APOE3	male	20.14285714	14	0	100	100.64102564102564	95.1923076923077	88.14102564102564	84.93589743589743	87.5	92.3076923076923	95.1923076923077	96.15384615384616	96.47435897435898	98.3974358974359	99.6794871794872	97.43589743589743	97.75641025641025	96.7948717948718	< 30 weeks	171
APOE3	male	20	14	0	100	98.48484848484848	93.63636363636363	86.96969696969697	82.72727272727273	78.18181818181819	76.66666666666667	78.78787878787878	81.81818181818183	85.45454545454545	86.66666666666667	87.27272727272728	86.96969696969697	86.96969696969697	90.6060606060606	< 30 weeks	172
APOE3	male	20	14	0	100	99.42528735632186	97.41379310344827	91.0919540229885	85.91954022988506	80.74712643678163	77.29885057471265	77.01149425287358	77.87356321839081	81.32183908045978	83.33333333333334	86.78160919540231	88.5057471264368	88.79310344827587	90.22988505747126	< 30 weeks	173
APOE4	male	23.28571429	7	1	100	95.98765432098766	94.44444444444446	88.8888888888889	84.25925925925927	79.01234567901236	77.46913580246914	NA	NA	NA	NA	NA	NA	NA	NA	< 30 weeks	174
APOE4	male	23.28571429	6	1	100	98.26388888888889	93.40277777777777	89.58333333333334	84.02777777777777	78.125	NA	NA	NA	NA	NA	NA	NA	NA	NA	< 30 weeks	175
APOE4	male	23.28571429	6	1	100	96.62576687116564	93.55828220858895	87.73006134969326	83.74233128834355	78.83435582822085	NA	NA	NA	NA	NA	NA	NA	NA	NA	< 30 weeks	176
APOE4	male	21.71428571	6	1	100	99.00990099009901	91.41914191419141	86.79867986798679	81.51815181518151	74.58745874587459	NA	NA	NA	NA	NA	NA	NA	NA	NA	< 30 weeks	177
APOE4	male	21.71428571	8	1	100	94.11764705882352	91.64086687306504	85.44891640866874	82.04334365325077	76.78018575851394	73.06501547987617	69.65944272445822	NA	NA	NA	NA	NA	NA	NA	< 30 weeks	178
APOE4	male	21.71428571	6	1	100	97.24770642201834	91.74311926605505	88.37920489296634	82.26299694189602	77.98165137614677	NA	NA	NA	NA	NA	NA	NA	NA	NA	< 30 weeks	179
APOE4	male	21.71428571	6	1	100	95.54140127388536	90.12738853503186	86.62420382165605	81.52866242038218	77.38853503184714	NA	NA	NA	NA	NA	NA	NA	NA	NA	< 30 weeks	180
APOE4	male	21.71428571	7	1	100	97.27272727272728	93.33333333333333	88.7878787878788	83.03030303030302	77.87878787878788	75.75757575757575	NA	NA	NA	NA	NA	NA	NA	NA	< 30 weeks	181
APOE4	male	21.71428571	8	1	100	97.3076923076923	93.07692307692308	85.38461538461539	80	75.3846153846154	74.23076923076923	70.76923076923076	69.23076923076923	NA	NA	NA	NA	NA	NA	< 30 weeks	182
APOE2	female	26.14285714	7	1	100	95.98393574297188	95.18072289156628	84.73895582329318	79.91967871485943	75.50200803212851	70.68273092369479	NA	NA	NA	NA	NA	NA	NA	NA	< 30 weeks	183
APOE2	female	26.14285714	7	1	100	97.17741935483872	96.37096774193547	87.09677419354838	81.0483870967742	76.61290322580645	72.1774193548387	NA	NA	NA	NA	NA	NA	NA	NA	< 30 weeks	184
APOE2	female	26.14285714	14	0	100	95.50561797752809	92.88389513108615	85.0187265917603	83.52059925093633	88.38951310861424	86.14232209737828	86.51685393258428	91.01123595505618	93.25842696629213	93.25842696629213	95.50561797752809	95.13108614232209	98.50187265917604	96.25468164794007	< 30 weeks	185
APOE2	female	26.14285714	14	0	100	95.92592592592592	92.22222222222221	82.96296296296296	84.07407407407406	89.25925925925927	86.66666666666666	84.44444444444444	91.11111111111111	96.29629629629629	97.77777777777777	95.92592592592592	97.77777777777777	98.51851851851853	98.18518518518519	< 30 weeks	186
APOE2	female	26.14285714	14	0	100	95.75289575289577	93.43629343629344	85.32818532818534	78.37837837837839	82.62548262548263	82.23938223938224	79.15057915057916	81.46718146718148	86.1003861003861	89.1891891891892	90.733590733590745	91.8918918918919	93.82239382239383	94.20849420849422	< 30 weeks	187
APOE2	female	26.28571429	7	1	100	98.63945578231294	94.5578231292517	91.15646258503402	86.39455782312925	80.95238095238095	78.2312925170068	NA	NA	NA	NA	NA	NA	NA	NA	< 30 weeks	188
APOE2	female	26.28571429	9	1	100	98.97260273972603	95.89041095890411	89.72602739726028	83.9041095890411	80.82191780821918	77.3972602739726	72.94520547945206	70.54794520547945	69.52054794520548	NA	NA	NA	NA	NA	< 30 weeks	189
APOE2	female	26.28571429	7	1	100	97.59036144578313	95.58232931726909	89.5582329317269	79.91967871485943	83.53413654618474	73.49397590361446	67.8714859437751	NA	NA	NA	NA	NA	NA	NA	< 30 weeks	190
APOE2	female	26.28571429	8	1	100	98.52941176470588	96.32352941176471	91.1764705882353	83.45588235294117	81.61764705882352	76.83823529411764	72.42647058823529	69.48529411764706	NA	NA	NA	NA	NA	NA	< 30 weeks	191
APOE2	female	26.28571429	14	0	100	99.23954372623575	96.57794676806083	87.0722433460076	81.74904942965779	73.76425855513308	75.66539923954372	71.48288973384031	71.86311787072242	73.76425855513308	77.9467680608365	77.56653992395437	79.08745247148289	82.12927756653993	86.69201520912547	< 30 weeks	192
APOE2	female	24.57142857	14	0	100	98.80239520958084	97.90419161676648	89.82035928143713	88.32335329341318	87.7245508982036	86.22754491017965	88.02395209580838	88.32335329341318	93.41317365269461	94.311377245509	92.51497005988024	93.41317365269461	95.20958083832336	93.11377245508983	< 30 weeks	193
APOE2	female	24.57142857	14	0	100	97.98850574712645	97.12643678160919	88.2183908045977	84.77011494252874	80.17241379310344	78.44827586206897	75.57471264367817	75.28735632183908	75.28735632183908	77.29885057471265	78.44827586206897	78.44827586206897	86.20689655172414	87.356321839080465	< 30 weeks	194
APOE2	female	24.57142857	7	1	100	97.85714285714285	96.42857142857143	88.21428571428571	81.78571428571428	78.21428571428571	75.35714285714286	NA	NA	NA	NA	NA	NA	NA	NA	< 30 weeks	195
APOE2	female	24.57142857	14	0	100	99.66101694915254	95.9322033898305	91.52542372881356	92.20338983050847	94.91525423728814	89.83050847457628	90.50847457627118	95.9322033898305	99.66101694915254	101.01694915254238	104.7457627118644	107.11864406779661	108.13559322033899	107.11864406779661	< 30 weeks	196
APOE2	female	24.42857143	14	0	100	97.54385964912281	92.63157894736842	87.01754385964912	87.71929824561403	91.9298245614035	95.08771929824562	95.43859649122807	95.78947368421052	95.78947368421052	97.54385964912281	98.59649122807018	97.89473684210526	97.54385964912281	100.35087719298245	< 30 weeks	197
APOE2	female	24.42857143	14	0	100	98.06201550387597	94.5736434108527	86.82170542635657	79.06976744186046	83.33333333333333	84.88372093023256	86.04651162790698	90.31007751937985	93.02325581395348	92.63565891472867	94.5736434108527	92.63565891472867	93.7984496124031	93.4108527131783	< 30 weeks	198
APOE3	female	23.28571429	14	0	100	97.85407725321889	93.99141630901286	84.97854077253218	85.4077253218884	89.69957081545064	89.69957081545064	92.70386266094421	94.4206008583691	99.14163090128756	97.42489270386265	99.14163090128756	96.13733905579397	99.57081545064376	98.71244635193133	< 30 weeks	199
APOE3	female	23.28571429	14	0	100	97.09543568464728	94.6058091286307	85.89211618257261	88.38174273858921	90.45643153526972	92.11618257261411	93.3609958506224	95.43568464730289	96.26556016597509	97.9253112033195	98.75518672199169	93.7759336099585	92.9460580912863	93.7759336099585	< 30 weeks	200
APOE3	female	23.28571429	14	0	100	98.39357429718876	90.36144578313254	82.32931726907631	77.91164658634538	81.92771084337349	85.94377510040161	89.1566265060241	92.77108433734941	95.18072289156628	96.78714859437753	94.77911646586347	96.78714859437753	96.3855421686747	94.77911646586347	< 30 weeks	201
APOE3	female	23.28571429	14	0	100	97.57085020242916	94.33198380566802	83.80566801619433	85.02024291497976	87.4493927125506	90.68825910931174	92.71255060728745	94.73684210526315	96.35627530364374	97.16599190283401	98.38056680161944	97.57085020242916	98.78542510121457	95.1417004048583	< 30 weeks	202
APOE3	female	23.14285714	14	0	100	96.00000000000001	92.88888888888889	85.33333333333333	83.55555555555556	86.66666666666667	89.33333333333334	89.77777777777777	92.88888888888889	96.88888888888889	NA	95.1111111111111	95.55555555555556	97.77777777777777	95.55555555555556	< 30 weeks	203
APOE3	female	23.14285714	14	0	100	98.02371541501977	94.86166007905138	88.14229249011858	81.81818181818181	82.6086956521739	84.58498023715414	83.39920948616601	84.58498023715414	86.56126482213438	87.35177865612648	87.74703557312252	90.9090909090909	94.46640316205533	94.0711462450593	< 30 weeks	204
APOE3	female	23.14285714	14	0	100	96.70781893004114	93.4156378600823	84.77366255144034	84.36213991769547	83.9506172839506	83.9506172839506	82.71604938271605	88.06584362139917	90.94650205761317	92.18106995884773	93.4156378600823	97.11934156378601	96.29629629629629	96.29629629629629	< 30 weeks	205
APOE3	female	23.14285714	14	0	100	95.27272727272728	94.54545454545455	87.63636363636364	80	80.36363636363637	81.45454545454544	84.00000000000001	86.9090909090909	90.18181818181819	92	91.63636363636364	95.27272727272728	94.54545454545455	92.72727272727272	< 30 weeks	206
APOE4	female	24.85714286	14	0	100	96.51162790697674	95.73643410852712	84.88372093023256	79.06976744186046	76.35658914728681	72.48062015503875	70.15503875968993	72.09302325581396	73.64341085271317	75.19379844961239	77.51937984496124	78.68217054263566	77.13178294573643	78.68217054263566	< 30 weeks	207
APOE4	female	24.85714286	9	1	100	99.06542056074767	95.7943925233645	88.78504672897198	81.77570093457945	77.57009345794394	73.83177570093459	70.09345794392524	67.7570093457944	NA	NA	NA	NA	NA	NA	< 30 weeks	208
APOE4	female	24.85714286	14	0	100	99.57627118644066	97.88135593220339	87.71186440677965	81.35593220338983	75.42372881355932	72.03389830508475	70.76271186440677	70.76271186440677	71.1864406779661	72.45762711864407	74.57627118644068	73.3050847457627	77.11864406779661	79.66101694915254	< 30 weeks	209
APOE4	female	24.85714286	14	0	100	95.78059071729957	94.09282700421942	84.38818565400844	78.05907172995781	73.41772151898734	75.10548523206751	77.21518987341773	83.12236286919831	85.23206751054853	84.38818565400844	83.96624472573839	85.23206751054853	84.38818565400844	87.34177215189874	< 30 weeks	210
APOE4	female	24.85714286	14	0	100	98.66666666666666	93.33333333333333	85.77777777777779	78.22222222222223	74.22222222222223	71.55555555555556	71.11111111111111	72.44444444444444	76.8888888888889	78.66666666666666	79.55555555555554	82.22222222222221	85.33333333333333	90.22222222222223	< 30 weeks	211
APOE4	female	25.14285714	14	0	100	97.11934156378601	95.47325102880659	87.65432098765432	81.89300411522633	77.77777777777777	73.66255144032921	71.19341563786008	72.42798353909465	76.95473251028805	79.42386831275721	85.18518518518518	83.9506172839506	91.35802469135803	93.00411522633745	< 30 weeks	212
APOE4	female	25.14285714	14	0	100	98.62385321100918	95.87155963302752	87.1559633027523	79.35779816513761	77.06422018348624	77.5229357798165	78.44036697247707	81.65137614678899	85.3211009174312	86.697247706422	86.23853211009175	86.23853211009175	88.99082568807339	91.74311926605505	< 30 weeks	213
APOE4	female	25.14285714	14	0	100	97.95081967213115	97.54098360655739	86.47540983606558	78.68852459016394	82.37704918032787	88.52459016393443	90.1639344262295	93.85245901639344	96.72131147540985	98.7704918032787	99.18032786885246	95.90163934426229	97.95081967213115	91.80327868852459	< 30 weeks	214
APOE4	female	25.14285714	9	1	100	98.8235294117647	94.90196078431372	89.01960784313725	82.74509803921569	78.43137254901961	74.90196078431373	71.76470588235294	69.41176470588235	NA	NA	NA	NA	NA	NA	< 30 weeks	215
APOE4	female	25.14285714	14	0	100	99.57446808510639	97.44680851063829	88.51063829787235	81.70212765957446	77.4468085106383	76.17021276595744	76.59574468085107	80	85.1063829787234	87.2340425531915	90.2127659574468	86.80851063829786	91.91489361702129	97.0212765957447	< 30 weeks	216
APOE4	female	23.14285714	7	1	100	97.6303317535545	93.8388625592417	86.25592417061611	80.0947867298578	74.40758293838861	70.14218009478674	67.29857819905213	NA	NA	NA	NA	NA	NA	NA	< 30 weeks	217
APOE4	female	23.14285714	7	1	100	94.95412844036697	90.82568807339449	83.94495412844036	77.5229357798165	71.55963302752293	68.80733944954129	66.05504587155964	NA	NA	NA	NA	NA	NA	NA	< 30 weeks	218
APOE4	female	23.14285714	14	0	100	96.27906976744185	92.55813953488371	86.51162790697676	80.46511627906978	74.88372093023257	73.02325581395348	74.88372093023257	76.27906976744185	80.46511627906978	83.25581395348837	86.51162790697676	85.5813953488372	88.37209302325581	86.04651162790698	< 30 weeks	219
APOE4	female	23.14285714	14	0	100	102.04081632653062	100	91.02040816326532	84.08163265306123	78.77551020408163	75.91836734693878	76.3265306122449	80.40816326530611	83.26530612244898	84.48979591836734	84.89795918367348	85.30612244897958	89.79591836734694	91.02040816326532	< 30 weeks	220
APOE4	female	23.14285714	7	1	100	98.17351598173516	96.34703196347033	87.67123287671234	82.19178082191782	76.7123287671233	70.77625570776256	68.94977168949772	NA	NA	NA	NA	NA	NA	NA	< 30 weeks	221
APOE2	female	24.28571429	14	0	100	99.24812030075188	99.24812030075188	99.62406015037594	101.12781954887218	98.1203007518797	101.50375939849623	101.8796992481203	100.37593984962405	100.75187969924812	101.12781954887218	101.12781954887218	103.7593984962406	103.7593984962406	100.75187969924812	< 30 weeks	222
APOE2	female	24.28571429	14	0	100	99.6	98.8	99.2	100.8	100	101.6	102	100	101.6	102	103.2	104	103.2	102.8	< 30 weeks	223
APOE2	female	23.28571429	14	0	100	99.23371647509578	98.08429118773945	99.23371647509578	99.23371647509578	97.70114942528735	96.93486590038314	95.40229885057471	95.40229885057471	95.40229885057471	95.40229885057471	95.40229885057471	96.55172413793103	98.08429118773945	98.85057471264368	< 30 weeks	224
APOE2	female	23.28571429	14	0	100	101.57480314960632	95.2755905511811	98.4251968503937	100.39370078740157	101.57480314960632	98.81889763779529	99.21259842519686	100	100.78740157480317	101.57480314960632	97.24409448818898	101.18110236220473	101.18110236220473	101.57480314960632	< 30 weeks	225
APOE2	female	23.28571429	14	0	100	97.48201438848922	93.88489208633094	87.41007194244604	81.6546762589928	85.97122302158272	87.0503597122302	87.0503597122302	90.64748201438849	93.5251798561151	96.0431654676259	92.44604316546761	96.0431654676259	98.92086330935251	95.68345323741008	< 30 weeks	226
APOE2	female	24.28571429	14	0	100	96.875	96.875	89.0625	90.234375	93.75	93.35937499999999	87.49999999999999	87.109375	92.96875	95.703125	97.26562499999999	96.48437499999999	100.78125	96.48437499999999	< 30 weeks	227
APOE2	female	23.28571429	14	0	100	98.35526315789474	89.80263157894738	85.19736842105263	83.22368421052633	83.22368421052633	87.17105263157895	80.5921052631579	85.85526315789474	88.81578947368422	90.13157894736842	90.46052631578948	91.77631578947368	94.40789473684211	92.76315789473685	< 30 weeks	228
APOE2	female	23.28571429	14	0	100	97.96747967479675	97.5609756097561	102.4390243902439	104.47154471544715	101.62601626016259	100	100.40650406504064	98.78048780487805	98.37398373983739	99.18699186991869	101.21951219512194	104.06504065040649	102.03252032520325	99.18699186991869	< 30 weeks	229
APOE3	female	22	14	0	100	100.36363636363636	98.9090909090909	91.63636363636364	92	98.18181818181819	96.72727272727273	98.18181818181819	98.9090909090909	102.54545454545453	106.18181818181817	107.27272727272728	108.72727272727272	110.18181818181819	110.9090909090909	< 30 weeks	230
APOE3	female	22	14	0	100	98.943661971831	96.47887323943662	86.61971830985917	83.45070422535211	88.02816901408451	91.54929577464789	92.95774647887323	92.60563380281691	97.88732394366197	99.64788732394368	99.29577464788733	98.943661971831	98.59154929577466	98.59154929577466	< 30 weeks	231
APOE3	female	22	14	0	100	95.52238805970148	92.16417910447761	88.05970149253731	82.83582089552239	85.82089552238806	88.80597014925374	91.4179104477612	91.4179104477612	94.02985074626865	97.01492537313433	92.91044776119402	92.91044776119402	93.28358208955224	94.02985074626865	< 30 weeks	232
APOE3	female	24.42857143	14	0	100	97.6470588235294	98.8235294117647	93.33333333333333	94.50980392156863	94.90196078431372	95.29411764705883	94.50980392156863	97.6470588235294	99.60784313725489	99.60784313725489	99.60784313725489	98.43137254901961	100.7843137254902	97.25490196078431	< 30 weeks	233
APOE3	female	22	14	0	100	100.39370078740157	91.73228346456693	88.18897637795276	85.43307086614173	88.58267716535434	91.33858267716536	93.70078740157481	96.85039370078741	95.66929133858268	97.63779527559055	98.03149606299213	97.63779527559055	100.78740157480317	97.63779527559055	< 30 weeks	234
APOE3	female	22	14	0	100	99.62121212121214	97.72727272727273	97.34848484848484	98.86363636363637	99.24242424242425	98.48484848484848	95.83333333333334	98.48484848484848	99.24242424242425	100	101.8939393939394	103.40909090909092	102.65151515151516	100	< 30 weeks	235
APOE3	female	22	14	0	100	101.58730158730161	101.19047619047619	97.61904761904762	98.8095238095238	101.19047619047619	98.8095238095238	99.60317460317462	100.39682539682539	100.39682539682539	101.58730158730161	103.17460317460319	103.57142857142858	104.36507936507937	103.17460317460319	< 30 weeks	236
APOE3	female	24.42857143	14	0	100	97.24770642201834	94.80122324159021	94.18960244648318	93.27217125382262	91.74311926605505	91.74311926605505	90.82568807339449	91.74311926605505	91.131498470948	92.04892966360856	92.9663608562691	93.88379204892965	95.10703363914372	93.27217125382262	< 30 weeks	237
APOE3	female	24.42857143	14	0	100	101.8796992481203	93.23308270676691	87.59398496240601	85.33834586466165	90.6015037593985	96.2406015037594	95.11278195488721	98.49624060150374	98.87218045112782	100	NA	100.37593984962405	101.50375939849623	101.50375939849623	< 30 weeks	238
APOE4	female	21.71428571	8	1	100	100	97.22222222222221	86.90476190476191	84.12698412698413	77.38095238095238	74.20634920634922	70.63492063492063	68.65079365079364	NA	NA	NA	NA	NA	NA	< 30 weeks	239
APOE4	female	20.57142857	8	1	100	95.96774193548387	92.74193548387096	86.29032258064515	82.25806451612902	75	72.58064516129032	73.79032258064517	NA	NA	NA	NA	NA	NA	NA	< 30 weeks	240
APOE4	female	21.71428571	14	0	100	100.9090909090909	96.81818181818183	87.72727272727273	81.81818181818183	78.63636363636364	77.27272727272727	78.63636363636364	80	84.0909090909091	91.36363636363637	86.81818181818183	90	90	89.0909090909091	< 30 weeks	241
APOE4	female	21.71428571	8	1	100	97.70114942528735	93.48659003831416	88.50574712643679	83.52490421455938	78.16091954022988	75.86206896551724	73.1800766283525	NA	NA	NA	NA	NA	NA	NA	< 30 weeks	242
APOE4	female	24.71428571	7	1	100	98.81422924901186	94.0711462450593	90.51383399209485	86.16600790513834	81.02766798418972	78.26086956521739	NA	NA	NA	NA	NA	NA	NA	NA	< 30 weeks	243
APOE4	female	21.42857143	14	0	100	98.83268482490271	93.77431906614787	89.49416342412452	83.65758754863813	83.65758754863813	84.43579766536965	85.21400778210116	86.7704280155642	91.05058365758755	90.6614785992218	90.6614785992218	94.55252918287938	96.88715953307393	98.44357976653697	< 30 weeks	244
APOE4	female	21.42857143	7	1	100	98.7012987012987	93.5064935064935	84.84848484848484	82.68398268398268	75.75757575757575	73.16017316017314	70.12987012987011	66.23376623376623	NA	NA	NA	NA	NA	NA	< 30 weeks	245
APOE4	female	21.42857143	14	0	100	99.581589958159	97.48953974895397	88.2845188284519	86.61087866108787	90.37656903765692	98.744769874477	97.90794979079497	100.83682008368203	100.418410041841	101.67364016736403	99.581589958159	102.09205020920503	99.16317991631799	98.744769874477	< 30 weeks	246
APOE4	female	21.42857143	7	1	100	98.16513761467888	94.4954128440367	91.28440366972475	87.61467889908258	80.73394495412845	77.5229357798165	NA	NA	NA	NA	NA	NA	NA	NA	< 30 weeks	247
APOE4	female	24.71428571	14	0	100	99.601593625498	91.63346613545816	88.04780876494024	82.07171314741036	74.5019920318725	72.11155378486056	71.31474103585657	73.30677290836653	76.89243027888446	78.48605577689243	77.68924302788844	80.07968127490041	82.07171314741036	81.67330677290836	< 30 weeks	248
APOE2	male	24.57142857	4	0	100	95.44072948328267	95.44072948328267	88.75379939209726	82.97872340425533	NA	NA	NA	NA	NA	NA	NA	NA	NA	NA	< 30 weeks	249
APOE2	male	24.57142857	4	0	100	96.35854341736693	94.67787114845937	86.83473389355741	85.99439775910363	NA	NA	NA	NA	NA	NA	NA	NA	NA	NA	< 30 weeks	250
APOE2	male	23.57142857	4	0	100	99.00990099009901	97.02970297029702	88.77887788778878	84.48844884488449	NA	NA	NA	NA	NA	NA	NA	NA	NA	NA	< 30 weeks	251
APOE2	male	23.57142857	4	0	100	97.26027397260275	96.71232876712328	89.04109589041096	88.21917808219179	NA	NA	NA	NA	NA	NA	NA	NA	NA	NA	< 30 weeks	252
APOE3	male	23.57142857	4	0	100	97.57575757575758	94.24242424242425	84.84848484848484	81.21212121212122	NA	NA	NA	NA	NA	NA	NA	NA	NA	NA	< 30 weeks	253
APOE3	male	24.71428571	4	0	100	97.32620320855615	96.79144385026738	87.70053475935828	83.9572192513369	NA	NA	NA	NA	NA	NA	NA	NA	NA	NA	< 30 weeks	254
APOE3	male	23.57142857	4	0	100	99.45945945945945	96.75675675675674	88.10810810810811	84.05405405405406	NA	NA	NA	NA	NA	NA	NA	NA	NA	NA	< 30 weeks	255
APOE3	male	21.71428571	4	0	100	98.39572192513369	97.59358288770053	87.43315508021392	83.42245989304813	NA	NA	NA	NA	NA	NA	NA	NA	NA	NA	< 30 weeks	256
APOE3	male	21.71428571	4	0	100	98.17629179331307	95.74468085106383	86.6261398176292	82.97872340425533	NA	NA	NA	NA	NA	NA	NA	NA	NA	NA	< 30 weeks	257
APOE4	male	21.71428571	4	0	100	96.09929078014186	94.68085106382979	87.94326241134752	84.04255319148936	NA	NA	NA	NA	NA	NA	NA	NA	NA	NA	< 30 weeks	258
APOE4	male	25	4	0	100	93.7062937062937	94.05594405594405	82.51748251748252	79.37062937062936	NA	NA	NA	NA	NA	NA	NA	NA	NA	NA	< 30 weeks	259
APOE4	male	25	4	1	100	97.8395061728395	96.2962962962963	90.74074074074075	NA	NA	NA	NA	NA	NA	NA	NA	NA	NA	NA	< 30 weeks	260
APOE4	male	23.42857143	4	0	100	89.65517241379311	93.41692789968653	80.25078369905957	78.99686520376176	NA	NA	NA	NA	NA	NA	NA	NA	NA	NA	< 30 weeks	261
APOE4	male	23.42857143	4	0	100	96.78362573099415	96.49122807017542	81.28654970760233	77.48538011695906	NA	NA	NA	NA	NA	NA	NA	NA	NA	NA	< 30 weeks	262
APOE4	male	23.42857143	4	0	100	97.33333333333333	96.33333333333333	86.66666666666667	85	NA	NA	NA	NA	NA	NA	NA	NA	NA	NA	< 30 weeks	263
APOE4	male	23.42857143	4	0	100	96.01328903654485	95.01661129568106	87.37541528239203	83.72093023255813	NA	NA	NA	NA	NA	NA	NA	NA	NA	NA	< 30 weeks	264
APOE4	male	21.42857143	4	0	100	89.65517241379311	93.41692789968653	83.38557993730409	76.1755485893417	NA	NA	NA	NA	NA	NA	NA	NA	NA	NA	< 30 weeks	265
APOE4	male	21.42857143	4	0	100	96.78362573099415	96.49122807017542	84.50292397660817	77.48538011695906	NA	NA	NA	NA	NA	NA	NA	NA	NA	NA	< 30 weeks	266
APOE2	female	21.85714286	14	0	100	98.60627177700349	92.33449477351917	86.7595818815331	82.57839721254355	82.92682926829269	86.41114982578398	87.45644599303137	92.33449477351917	94.07665505226481	94.77351916376307	96.51567944250871	98.25783972125436	97.21254355400697	93.72822299651567	< 30 weeks	267
APOE2	female	21.85714286	14	0	100	98.83268482490271	93.77431906614787	85.99221789883269	80.1556420233463	75.09727626459144	75.4863813229572	77.04280155642024	79.37743190661479	82.87937743190662	84.0466926070039	85.60311284046693	86.7704280155642	85.99221789883269	88.71595330739301	< 30 weeks	268
APOE2	female	21.85714286	6	1	100	98.2832618025751	90.55793991416309	84.54935622317596	78.96995708154506	73.39055793991417	69.09871244635194	NA	NA	NA	NA	NA	NA	NA	NA	< 30 weeks	269
APOE2	female	20.85714286	14	0	100	94.61883408071749	104.48430493273541	99.55156950672645	100	102.24215246636771	99.55156950672645	100.89686098654708	109.41704035874437	111.21076233183858	113.00448430493273	112.55605381165918	110.31390134529148	112.55605381165918	112.55605381165918	< 30 weeks	270
APOE2	female	20.85714286	14	0	100	95.28301886792453	101.88679245283019	92.9245283018868	86.79245283018867	83.9622641509434	90.56603773584906	93.86792452830188	96.22641509433963	100	102.35849056603774	104.24528301886792	108.01886792452831	109.43396226415094	110.8490566037736	< 30 weeks	271
APOE2	female	20.85714286	14	0	100	96.63865546218487	100.42016806722688	93.69747899159664	87.81512605042016	81.9327731092437	78.99159663865547	77.73109243697479	78.57142857142857	81.9327731092437	82.3529411764706	85.29411764705883	88.65546218487395	87.81512605042016	89.07563025210084	< 30 weeks	272
APOE2	female	20.85714286	14	0	100	100.88105726872247	101.76211453744494	103.08370044052863	101.76211453744494	100.88105726872247	102.6431718061674	106.6079295154185	104.40528634361232	103.52422907488987	104.40528634361232	104.40528634361232	107.04845814977975	105.72687224669603	107.92951541850219	< 30 weeks	273
APOE2	female	20.85714286	14	0	100	98.744769874477	97.90794979079497	89.5397489539749	91.21338912133892	94.56066945606696	97.07112970711297	98.32635983263599	99.581589958159	101.25523012552303	101.67364016736403	100.418410041841	104.18410041841004	103.76569037656904	104.18410041841004	< 30 weeks	274
APOE3	female	16.57142857	14	0	100	100.78125	95.31249999999999	91.40624999999999	96.09375	99.21874999999999	98.828125	100.78125	101.17187499999997	101.953125	101.17187499999997	100.390625	103.12499999999997	103.90625	102.734375	< 30 weeks	275
APOE3	female	16.57142857	14	0	100	99.58506224066389	93.7759336099585	90.8713692946058	94.1908713692946	95.0207468879668	95.850622406639	99.17012448132779	99.58506224066389	97.9253112033195	97.5103734439834	99.17012448132779	102.48962655601659	101.65975103734439	101.2448132780083	< 30 weeks	276
APOE3	female	16.57142857	14	0	100	97.00854700854701	91.02564102564104	89.74358974358975	91.45299145299145	94.01709401709402	94.87179487179488	96.15384615384616	97.00854700854701	97.86324786324786	97.00854700854701	95.29914529914531	98.71794871794873	99.57264957264958	97.00854700854701	< 30 weeks	277
APOE3	female	21	14	0	100	95.850622406639	99.58506224066389	92.9460580912863	93.3609958506224	99.58506224066389	101.65975103734439	103.31950207468878	108.29875518672199	109.12863070539419	110.3734439834025	109.12863070539419	109.95850622406638	109.54356846473028	111.61825726141078	< 30 weeks	278
APOE3	female	21	8	1	100	94.64285714285715	87.05357142857143	82.14285714285714	77.67857142857143	74.10714285714288	71.42857142857143	70.53571428571429	67.85714285714286	NA	NA	NA	NA	NA	NA	< 30 weeks	279
APOE3	female	21	14	0	100	98.73417721518987	93.67088607594937	84.81012658227849	83.96624472573839	91.56118143459916	94.9367088607595	98.73417721518987	101.68776371308017	99.57805907172997	101.26582278481013	100.42194092827006	99.15611814345992	102.1097046413502	104.21940928270041	< 30 weeks	280
APOE3	female	20.42857143	14	0	100	100.93023255813954	93.02325581395348	85.11627906976744	87.90697674418604	91.62790697674417	93.02325581395348	97.67441860465115	96.27906976744185	97.20930232558139	98.13953488372094	98.60465116279069	97.20930232558139	99.53488372093022	99.06976744186046	< 30 weeks	281
APOE3	female	20.42857143	14	0	100	101.21951219512194	96.74796747967478	88.21138211382113	88.21138211382113	91.869918699187	93.4959349593496	96.74796747967478	97.15447154471543	100.40650406504064	101.62601626016259	103.65853658536585	107.72357723577235	105.6910569105691	105.28455284552845	< 30 weeks	282
APOE3	female	20.42857143	14	0	100	99.29577464788733	95.07042253521128	90.49295774647888	86.9718309859155	89.08450704225352	90.84507042253523	91.19718309859155	91.90140845070424	92.60563380281691	96.12676056338029	94.71830985915493	96.83098591549296	96.12676056338029	97.53521126760563	< 30 weeks	283
APOE4	female	21.57142857	6	1	100	98.2608695652174	90.8695652173913	84.34782608695652	79.56521739130436	73.47826086956522	69.56521739130434	NA	NA	NA	NA	NA	NA	NA	NA	< 30 weeks	284
APOE4	female	21.57142857	14	0	100	98.65470852017937	93.27354260089686	84.30493273542601	80.26905829596411	74.43946188340807	71.74887892376681	70.85201793721974	71.74887892376681	74.43946188340807	76.23318385650224	78.9237668161435	82.51121076233183	83.40807174887892	86.09865470852017	< 30 weeks	285
APOE4	female	21.57142857	8	1	100	97.16599190283401	90.28340080971661	84.61538461538461	79.35222672064778	75.30364372469637	70.8502024291498	70.04048582995952	66.39676113360323	NA	NA	NA	NA	NA	NA	< 30 weeks	286
APOE4	female	21.57142857	14	0	100	100	92.59259259259258	87.03703703703704	81.94444444444443	76.85185185185185	71.75925925925925	73.14814814814815	74.07407407407408	76.85185185185185	79.62962962962962	83.7962962962963	87.49999999999999	89.81481481481481	88.88888888888889	< 30 weeks	287
APOE4	female	21.14285714	14	0	100	105.23560209424083	99.47643979057591	95.28795811518323	90.57591623036649	89.00523560209423	89.00523560209423	89.52879581151832	94.24083769633506	97.38219895287958	102.09424083769633	101.57068062827224	105.75916230366491	106.80628272251307	105.23560209424083	< 30 weeks	288
APOE4	female	21.14285714	14	0	100	103.125	96.87500000000001	91.66666666666667	86.45833333333334	85.41666666666666	83.85416666666667	83.85416666666667	83.85416666666667	84.89583333333334	88.54166666666667	90.625	95.31250000000001	98.4375	99.47916666666667	< 30 weeks	289
APOE4	female	21.14285714	14	0	100	103.0769230769231	96.41025641025641	93.84615384615384	90.25641025641026	90.25641025641026	91.7948717948718	92.82051282051282	96.41025641025641	97.94871794871796	97.94871794871796	96.9230769230769	98.97435897435898	100.51282051282051	101.53846153846153	< 30 weeks	290
APOE2	male	21.28571429	4	0	100	97.1671388101983	95.75070821529745	90.36827195467423	87.53541076487252	NA	NA	NA	NA	NA	NA	NA	NA	NA	NA	< 30 weeks	291
APOE2	male	21.28571429	4	0	100	95.54896142433235	94.36201780415429	86.35014836795251	81.89910979228486	NA	NA	NA	NA	NA	NA	NA	NA	NA	NA	< 30 weeks	292
APOE2	male	21.28571429	4	0	100	97.4921630094044	98.11912225705329	91.84952978056427	87.7742946708464	NA	NA	NA	NA	NA	NA	NA	NA	NA	NA	< 30 weeks	293
APOE2	male	21.28571429	4	0	100	96.46017699115046	93.21533923303835	87.61061946902655	86.4306784660767	NA	NA	NA	NA	NA	NA	NA	NA	NA	NA	< 30 weeks	294
APOE2	male	21.28571429	4	0	100	96.68674698795179	94.27710843373494	89.1566265060241	86.144578313253	NA	NA	NA	NA	NA	NA	NA	NA	NA	NA	< 30 weeks	295
APOE2	male	21.28571429	4	0	100	97.979797979798	92.5925925925926	86.53198653198653	84.17508417508418	NA	NA	NA	NA	NA	NA	NA	NA	NA	NA	< 30 weeks	296
APOE2	male	20.42857143	4	0	100	98.30508474576271	95.9322033898305	88.8135593220339	86.4406779661017	NA	NA	NA	NA	NA	NA	NA	NA	NA	NA	< 30 weeks	297
APOE2	male	20.42857143	4	0	100	95.32710280373831	94.39252336448598	88.1619937694704	84.73520249221184	NA	NA	NA	NA	NA	NA	NA	NA	NA	NA	< 30 weeks	298
APOE2	male	20.42857143	4	0	100	96.97802197802197	92.3076923076923	85.16483516483517	80.21978021978022	NA	NA	NA	NA	NA	NA	NA	NA	NA	NA	< 30 weeks	299
APOE2	male	20.42857143	4	0	100	96.72619047619048	94.34523809523809	89.28571428571428	86.9047619047619	NA	NA	NA	NA	NA	NA	NA	NA	NA	NA	< 30 weeks	300
APOE2	male	20.42857143	4	0	100	95.73170731707317	94.20731707317074	87.5	84.14634146341464	NA	NA	NA	NA	NA	NA	NA	NA	NA	NA	< 30 weeks	301
APOE3	male	21.42857143	4	0	100	94.61756373937678	95.18413597733712	89.80169971671388	87.8186968838527	NA	NA	NA	NA	NA	NA	NA	NA	NA	NA	< 30 weeks	302
APOE3	male	21.42857143	4	0	100	95.37037037037037	91.66666666666666	86.7283950617284	85.18518518518519	NA	NA	NA	NA	NA	NA	NA	NA	NA	NA	< 30 weeks	303
APOE3	male	20.85714286	4	0	100	98.40764331210191	96.81528662420382	92.35668789808918	94.26751592356689	NA	NA	NA	NA	NA	NA	NA	NA	NA	NA	< 30 weeks	304
APOE3	male	20.85714286	4	0	100	97.5	91.875	86.875	84.6875	NA	NA	NA	NA	NA	NA	NA	NA	NA	NA	< 30 weeks	305
APOE3	male	20.85714286	4	0	100	97.9591836734694	95.91836734693878	86.39455782312925	86.39455782312925	NA	NA	NA	NA	NA	NA	NA	NA	NA	NA	< 30 weeks	306
APOE3	male	20.85714286	4	0	100	96.49681528662421	92.6751592356688	86.62420382165605	81.84713375796179	NA	NA	NA	NA	NA	NA	NA	NA	NA	NA	< 30 weeks	307
APOE3	male	20.85714286	4	0	100	96.4169381107492	95.76547231270358	88.92508143322476	88.59934853420195	NA	NA	NA	NA	NA	NA	NA	NA	NA	NA	< 30 weeks	308
APOE3	male	19.57142857	4	0	100	96.27507163323783	94.55587392550143	88.25214899713467	82.8080229226361	NA	NA	NA	NA	NA	NA	NA	NA	NA	NA	< 30 weeks	309
APOE3	male	19.57142857	4	0	100	95	90.33333333333334	87	81.66666666666667	NA	NA	NA	NA	NA	NA	NA	NA	NA	NA	< 30 weeks	310
APOE3	male	19.57142857	4	0	100	94.94584837545126	92.7797833935018	85.19855595667872	81.58844765342961	NA	NA	NA	NA	NA	NA	NA	NA	NA	NA	< 30 weeks	311
APOE3	male	19.57142857	4	0	100	96.26436781609196	94.82758620689657	91.37931034482759	91.95402298850576	NA	NA	NA	NA	NA	NA	NA	NA	NA	NA	< 30 weeks	312
APOE3	male	19.57142857	4	0	100	93.33333333333334	93.91304347826086	87.2463768115942	87.2463768115942	NA	NA	NA	NA	NA	NA	NA	NA	NA	NA	< 30 weeks	313
APOE3	male	19.57142857	4	0	100	95.71428571428572	95.42857142857143	88.85714285714286	84.28571428571429	NA	NA	NA	NA	NA	NA	NA	NA	NA	NA	< 30 weeks	314
APOE3	male	19.57142857	4	0	100	98.21428571428571	94.34523809523809	87.49999999999999	84.52380952380952	NA	NA	NA	NA	NA	NA	NA	NA	NA	NA	< 30 weeks	315
APOE3	male	19.57142857	4	0	100	97.03947368421053	96.38157894736842	92.4342105263158	94.40789473684211	NA	NA	NA	NA	NA	NA	NA	NA	NA	NA	< 30 weeks	316
APOE3	male	19.57142857	4	0	100	98.7220447284345	96.80511182108627	92.01277955271566	91.69329073482427	NA	NA	NA	NA	NA	NA	NA	NA	NA	NA	< 30 weeks	317
APOE3	male	19.14285714	4	0	100	99.14772727272727	98.29545454545455	94.31818181818183	95.45454545454545	NA	NA	NA	NA	NA	NA	NA	NA	NA	NA	< 30 weeks	318
APOE4	male	23.28571429	4	0	100	94.34523809523809	88.39285714285714	82.73809523809523	80.0595238095238	NA	NA	NA	NA	NA	NA	NA	NA	NA	NA	< 30 weeks	319
APOE4	male	23.28571429	4	0	100	94.92537313432837	93.43283582089552	85.67164179104478	81.49253731343283	NA	NA	NA	NA	NA	NA	NA	NA	NA	NA	< 30 weeks	320
APOE4	male	23.28571429	4	0	100	97.80564263322884	92.16300940438872	85.26645768025078	81.81818181818183	NA	NA	NA	NA	NA	NA	NA	NA	NA	NA	< 30 weeks	321
APOE4	male	22	4	0	100	95.41547277936962	92.55014326647564	84.5272206303725	79.94269340974212	NA	NA	NA	NA	NA	NA	NA	NA	NA	NA	< 30 weeks	322
APOE4	male	22	4	0	100	96.82539682539682	92.06349206349206	83.8095238095238	78.73015873015873	NA	NA	NA	NA	NA	NA	NA	NA	NA	NA	< 30 weeks	323
APOE4	male	22	4	0	100	95.84664536741214	92.33226837060701	83.70607028753993	79.2332268370607	NA	NA	NA	NA	NA	NA	NA	NA	NA	NA	< 30 weeks	324
APOE4	male	21.57142857	4	0	100	97.46835443037975	92.72151898734177	83.86075949367088	80.69620253164557	NA	NA	NA	NA	NA	NA	NA	NA	NA	NA	< 30 weeks	325
APOE4	male	21.57142857	4	0	100	97.8102189781022	93.43065693430658	84.3065693430657	80.65693430656935	NA	NA	NA	NA	NA	NA	NA	NA	NA	NA	< 30 weeks	326
APOE4	male	20	4	0	100	94.55128205128204	91.98717948717949	83.33333333333334	80.12820512820514	NA	NA	NA	NA	NA	NA	NA	NA	NA	NA	< 30 weeks	327
APOE4	male	20	4	0	100	93.96825396825396	88.25396825396825	83.17460317460316	80	NA	NA	NA	NA	NA	NA	NA	NA	NA	NA	< 30 weeks	328
